{"machine_learning_result": [28.032911815356385, 54.20128529652764, 28.443821446875404, 57.064186539321554, 26.484488375904583, 25.350232076162094, 20.453587164928898, 20.397023082689774, 26.00691454318469, 62.14170877374993, 27.624576210884037, 65.05012432633526, 45.17777571183069, 35.64768041471465, 45.85096639508865, 46.15764899743604, 30.1437888253054, 31.782628198495104, 49.82317069641187, 17.044003745317532, 61.58116944811675, 30.056938301852814, 23.83333808472267, 41.88006164236958, 25.188841339194294, 61.878198672244295, 17.918092792446892, 31.219160530901732, 16.42856318829189, 44.84524445561081, 54.88776156125903, 33.750468290408534, 53.14038102027908, 22.505758061581826, 28.202825031264, 25.41932006863929, 30.168453261770317, 54.63767475852762, 30.92947907491851, 53.40575238000884, 22.847700268028603, 36.72107543076424, 25.206159205930277, 29.825196402120618, 20.050083917706583, 22.60095441395082, 31.064449134018133, 33.30558408531151, 31.602847759634017, 102.22160986444156, 27.89838590439049, 30.37698839924248], "manual_result": [46.74228571428572, 23.440714285714286, 42.04757142857143, 20.329428571428572, 22.034428571428574, 22.434, 27.465142857142858, 34.83957142857143, 33.38157142857143, 41.409, 26.116999999999997, 19.004714285714282, 24.162142857142857, 48.666, 24.86257142857143, 34.77157142857143, 20.065571428571428, 17.206, 46.335142857142856, 36.17357142857143, 30.48914285714286, 27.226857142857142, 26.942714285714285, 24.814857142857143, 25.797571428571427, 25.86642857142857, 34.36042857142857, 28.75, 26.13957142857143, 21.791285714285713, 41.409, 41.580285714285715, 37.52342857142857, 26.13957142857143, 43.745285714285714, 37.476, 47.844, 41.991285714285716, 30.17685714285714, 34.72042857142857, 33.52314285714286, 35.57957142857143, 52.52771428571429, 51.09928571428571, 22.955714285714286, 14.599857142857143, 29.72214285714286, 44.66942857142857, 103.99628571428572, 62.796142857142854, 34.83957142857143, 50.72714285714285, 89.55085714285714, 56.58671428571429, 49.49842857142857, 79.84785714285714, 58.449999999999996, 41.80757142857143, 39.23585714285714, 23.866285714285713, 39.311142857142855, 40.322428571428574, 32.15271428571428, 31.16142857142857, 39.56642857142857, 60.009428571428565, 29.300857142857144, 23.891, 37.52342857142857, 44.45685714285714, 38.749857142857145, 32.899142857142856, 31.726428571428574, 64.79171428571428, 33.752, 45.28814285714286, 40.97785714285715, 89.45157142857143, 77.454, 40.145857142857146, 36.22271428571428, 28.293285714285712, 63.12528571428572, 32.736714285714285, 29.300857142857144, 20.532285714285713, 24.162142857142857, 26.162285714285712, 39.32628571428571, 47.695142857142855, 40.84757142857143, 29.702285714285715, 28.23057142857143, 34.412142857142854, 17.847857142857144, 34.153, 34.83957142857143, 45.71757142857143, 44.73571428571428, 91.8487142857143, 44.98642857142857, 56.97257142857143, 74.6512857142857, 34.56657142857143, 61.63514285714286, 59.533857142857144, 87.90257142857142, 52.154428571428575, 84.76842857142857, 69.21028571428572, 38.56614285714286, 35.894285714285715, 50.16385714285714, 32.02357142857143, 61.50042857142857, 51.00657142857143, 46.98228571428571, 210.06885714285713, 42.565428571428576, 50.06928571428572, 29.88114285714286, 35.69585714285714, 41.437714285714286, 46.29671428571429, 42.38414285714286, 63.452714285714286, 45.75642857142857, 52.516571428571424, 43.54185714285715, 63.56471428571428, 97.45971428571428, 57.757, 44.73571428571428, 51.73271428571429, 27.292, 23.13557142857143, 17.847857142857144, 31.856714285714286, 20.532285714285713, 37.22242857142857, 30.48914285714286, 20.44557142857143, 28.377000000000002, 17.947142857142858, 16.998285714285714, 16.998285714285714, 22.878285714285713, 46.16871428571428, 30.644142857142857, 31.689, 16.998285714285714, 24.671285714285716, 17.947142857142858, 20.006428571428568, 18.53142857142857, 28.72942857142857, 21.129142857142856, 15.38957142857143, 33.168, 22.007571428571428, 18.785285714285717, 23.965285714285717, 34.56657142857143, 34.703428571428574, 41.87828571428572, 50.16385714285714, 14.188428571428572, 32.66428571428572, 18.53142857142857, 56.94142857142857, 20.903714285714283, 26.297714285714285, 14.801142857142858, 23.866285714285713, 18.241714285714284, 14.146714285714285, 29.300857142857144, 44.403571428571425, 21.462714285714288, 54.89785714285715, 28.377000000000002, 27.292, 41.580285714285715, 47.695142857142855, 28.293285714285712, 40.381142857142855, 23.940571428571428, 26.207428571428572, 26.13957142857143, 30.48914285714286, 23.940571428571428, 22.328142857142858, 27.529714285714284, 22.955714285714286, 30.353, 10.882000000000001, 13.103714285714286, 39.250857142857136, 32.609857142857145, 22.878285714285713, 23.28857142857143, 53.36642857142857, 24.454428571428572, 13.850571428571428, 25.311, 24.454428571428572, 31.332, 14.146714285714285, 16.46757142857143, 13.23857142857143, 15.273714285714286, 15.694285714285714, 58.449999999999996, 36.17357142857143, 33.611285714285714, 29.280571428571427, 25.86642857142857, 39.416428571428575, 23.891, 26.876714285714286, 21.791285714285713, 16.177285714285713, 20.932, 23.084285714285716, 14.146714285714285, 19.976857142857142, 23.13557142857143, 42.828857142857146, 17.546857142857142, 13.935857142857143, 15.38957142857143, 22.034428571428574, 14.801142857142858, 22.955714285714286, 28.377000000000002, 13.283285714285714, 24.454428571428572, 23.084285714285716, 25.40442857142857, 21.764142857142854, 39.416428571428575, 32.35471428571429, 24.162142857142857, 56.44, 22.878285714285713, 20.006428571428568, 26.677714285714284, 31.16142857142857, 28.481142857142856, 23.940571428571428, 19.61785714285714, 18.595285714285716, 19.035857142857143, 19.976857142857142, 15.466285714285714, 23.891, 35.09357142857143, 24.454428571428572, 44.45685714285714, 19.857857142857142, 19.857857142857142, 27.74385714285714, 30.644142857142857, 22.72242857142857, 29.24014285714286, 28.811714285714285, 17.033142857142856, 22.40757142857143, 28.975714285714286, 19.708285714285715, 16.646285714285714, 23.965285714285717, 16.575, 31.18042857142857, 36.05885714285714, 26.116999999999997, 22.328142857142858, 27.74385714285714, 30.098285714285712, 25.311, 24.551, 46.80557142857143, 32.809000000000005, 31.782285714285713, 30.547428571428572, 28.56414285714286, 51.192, 36.82257142857143, 18.46742857142857, 21.682285714285715, 24.86257142857143, 26.876714285714286, 28.56414285714286, 24.838714285714286, 18.499571428571432, 20.790142857142857, 33.221428571428575, 42.828857142857146, 45.71757142857143, 50.49328571428571, 15.466285714285714, 26.207428571428572, 29.88114285714286, 25.028714285714283, 32.609857142857145, 38.14928571428572, 82.16499999999999, 42.32828571428571, 62.64514285714286, 66.887, 33.752, 87.71371428571429, 61.44271428571428, 44.629714285714286, 45.82114285714285, 55.59442857142857, 45.71757142857143, 51.61814285714286, 52.108999999999995, 64.13957142857143, 89.73571428571428, 81.57914285714286, 77.75157142857142, 86.14028571428571, 60.91042857142857, 63.452714285714286, 53.422000000000004, 50.633714285714284, 53.06614285714286, 43.337428571428575, 49.27057142857143, 34.82257142857143, 28.56414285714286, 26.162285714285712, 52.335857142857144, 35.09357142857143, 39.23585714285714, 79.52842857142856, 45.14414285714286, 57.55157142857143, 58.01271428571429, 41.708285714285715, 46.16871428571428, 50.633714285714284, 30.17685714285714, 45.353571428571435, 34.153, 34.77157142857143, 34.72042857142857, 49.306714285714285, 38.47385714285714, 27.226857142857142, 26.13957142857143, 34.06628571428571, 24.454428571428572, 39.95357142857143, 28.083285714285715, 27.226857142857142, 64.28714285714285, 34.77157142857143, 28.914285714285715, 33.99657142857143, 33.15014285714285, 35.646, 46.84342857142857, 32.318, 24.623285714285714, 19.46642857142857, 36.17357142857143, 48.96928571428572, 40.78957142857143, 25.957714285714285, 50.246428571428574, 32.736714285714285, 33.096428571428575, 